"id","label"
"6666","bad"
"6667","bad"
"6668","bad"
"6669","bad"
"6670","bad"
"6671","bad"
"6672","bad"
"6673","bad"
"6674","bad"
"6675","bad"
"6676","bad"
"6677","bad"
"6678","bad"
"6679","bad"
"6680","bad"
"6681","bad"
"6682","bad"
"6683","bad"
"6684","bad"
"6685","bad"
"6686","bad"
"6687","bad"
"6688","bad"
"6689","bad"
"6690","bad"
"6691","bad"
"6692","bad"
"6693","bad"
"6694","bad"
"6695","bad"
"6696","bad"
"6697","bad"
"6698","bad"
"6699","bad"
"6700","bad"
"6701","bad"
"6702","bad"
"6703","bad"
"6704","bad"
"6705","bad"
"6706","bad"
"6707","bad"
"6708","bad"
"6709","bad"
"6710","bad"
"6711","bad"
"6712","bad"
"6713","bad"
"6714","bad"
"6715","bad"
"6716","bad"
"6717","bad"
"6718","bad"
"6719","bad"
"6720","bad"
"6721","bad"
"6722","bad"
"6723","bad"
"6724","bad"
"6725","bad"
"6726","bad"
"6727","bad"
"6728","bad"
"6729","bad"
"6730","bad"
"6731","bad"
"6732","bad"
"6733","bad"
"6734","bad"
"6735","bad"
"6736","bad"
"6737","bad"
"6738","bad"
"6739","bad"
"6740","bad"
"6741","bad"
"6742","bad"
"6743","bad"
"6744","bad"
"6745","bad"
"6746","bad"
"6747","bad"
"6748","bad"
"6749","bad"
"6750","bad"
"6751","bad"
"6752","bad"
"6753","bad"
"6754","bad"
"6755","bad"
"6756","bad"
"6757","bad"
"6758","bad"
"6759","bad"
"6760","bad"
"6761","bad"
"6762","bad"
"6763","bad"
"6764","bad"
"6765","bad"
"6766","bad"
"6767","bad"
"6768","bad"
"6769","bad"
"6770","bad"
"6771","bad"
"6772","bad"
"6773","bad"
"6774","bad"
"6775","bad"
"6776","bad"
"6777","bad"
"6778","bad"
"6779","bad"
"6780","bad"
"6781","bad"
"6782","bad"
"6783","bad"
"6784","bad"
"6785","bad"
"6786","bad"
"6787","bad"
"6788","bad"
"6789","bad"
"6790","bad"
"6791","bad"
"6792","bad"
"6793","bad"
"6794","bad"
"6795","bad"
"6796","bad"
"6797","bad"
"6798","bad"
"6799","bad"
"6800","bad"
"6801","bad"
"6802","bad"
"6803","bad"
"6804","bad"
"6805","bad"
"6806","bad"
"6807","bad"
"6808","bad"
"6809","bad"
"6810","bad"
"6811","bad"
"6812","bad"
"6813","bad"
"6814","bad"
"6815","bad"
"6816","bad"
"6817","bad"
"6818","bad"
"6819","bad"
"6820","bad"
"6821","bad"
"6822","bad"
"6823","bad"
"6824","bad"
"6825","bad"
"6826","bad"
"6827","bad"
"6828","bad"
"6829","bad"
"6830","bad"
"6831","bad"
"6832","bad"
"6833","bad"
"6834","bad"
"6835","bad"
"6836","bad"
"6837","bad"
"6838","bad"
"6839","bad"
"6840","bad"
"6841","bad"
"6842","bad"
"6843","bad"
"6844","bad"
"6845","bad"
"6846","bad"
"6847","bad"
"6848","bad"
"6849","bad"
"6850","bad"
"6851","bad"
"6852","bad"
"6853","bad"
"6854","bad"
"6855","bad"
"6856","bad"
"6857","bad"
"6858","bad"
"6859","bad"
"6860","bad"
"6861","bad"
"6862","bad"
"6863","bad"
"6864","bad"
"6865","bad"
"6866","bad"
"6867","bad"
"6868","bad"
"6869","bad"
"6870","bad"
"6871","bad"
"6872","bad"
"6873","bad"
"6874","bad"
"6875","bad"
"6876","bad"
"6877","bad"
"6878","bad"
"6879","bad"
"6880","bad"
"6881","bad"
"6882","bad"
"6883","bad"
"6884","bad"
"6885","bad"
"6886","bad"
"6887","bad"
"6888","bad"
"6889","bad"
"6890","bad"
"6891","bad"
"6892","bad"
"6893","bad"
"6894","bad"
"6895","bad"
"6896","bad"
"6897","bad"
"6898","bad"
"6899","bad"
"6900","bad"
"6901","bad"
"6902","bad"
"6903","bad"
"6904","bad"
"6905","bad"
"6906","bad"
"6907","bad"
"6908","bad"
"6909","bad"
"6910","bad"
"6911","bad"
"6912","bad"
"6913","bad"
"6914","bad"
"6915","bad"
"6916","bad"
"6917","bad"
"6918","bad"
"6919","bad"
"6920","bad"
"6921","bad"
"6922","bad"
"6923","bad"
"6924","bad"
"6925","bad"
"6926","bad"
"6927","bad"
"6928","bad"
"6929","bad"
"6930","bad"
"6931","bad"
"6932","bad"
"6933","bad"
"6934","bad"
"6935","bad"
"6936","bad"
"6937","bad"
"6938","bad"
"6939","bad"
"6940","bad"
"6941","bad"
"6942","bad"
"6943","bad"
"6944","bad"
"6945","bad"
"6946","bad"
"6947","bad"
"6948","bad"
"6949","bad"
"6950","bad"
"6951","bad"
"6952","bad"
"6953","bad"
"6954","bad"
"6955","bad"
"6956","bad"
"6957","bad"
"6958","bad"
"6959","bad"
"6960","bad"
"6961","bad"
"6962","bad"
"6963","bad"
"6964","bad"
"6965","bad"
"6966","bad"
"6967","bad"
"6968","bad"
"6969","bad"
"6970","bad"
"6971","bad"
"6972","bad"
"6973","bad"
"6974","bad"
"6975","bad"
"6976","bad"
"6977","bad"
"6978","bad"
"6979","bad"
"6980","bad"
"6981","bad"
"6982","bad"
"6983","bad"
"6984","bad"
"6985","bad"
"6986","bad"
"6987","bad"
"6988","bad"
"6989","bad"
"6990","bad"
"6991","bad"
"6992","bad"
"6993","bad"
"6994","bad"
"6995","bad"
"6996","bad"
"6997","bad"
"6998","bad"
"6999","bad"
"7000","bad"
"7001","bad"
"7002","bad"
"7003","bad"
"7004","bad"
"7005","bad"
"7006","bad"
"7007","bad"
"7008","bad"
"7009","bad"
"7010","bad"
"7011","bad"
"7012","bad"
"7013","bad"
"7014","bad"
"7015","bad"
"7016","bad"
"7017","bad"
"7018","bad"
"7019","bad"
"7020","bad"
"7021","bad"
"7022","bad"
"7023","bad"
"7024","bad"
"7025","bad"
"7026","bad"
"7027","bad"
"7028","bad"
"7029","bad"
"7030","bad"
"7031","bad"
"7032","bad"
"7033","bad"
"7034","bad"
"7035","bad"
"7036","bad"
"7037","bad"
"7038","bad"
"7039","bad"
"7040","bad"
"7041","bad"
"7042","bad"
"7043","bad"
"7044","bad"
"7045","bad"
"7046","bad"
"7047","bad"
"7048","bad"
"7049","bad"
"7050","bad"
"7051","bad"
"7052","bad"
"7053","bad"
"7054","bad"
"7055","bad"
"7056","bad"
"7057","bad"
"7058","bad"
"7059","bad"
"7060","bad"
"7061","bad"
"7062","bad"
"7063","bad"
"7064","bad"
"7065","bad"
"7066","bad"
"7067","bad"
"7068","bad"
"7069","bad"
"7070","bad"
"7071","bad"
"7072","bad"
"7073","bad"
"7074","bad"
"7075","bad"
"7076","bad"
"7077","bad"
"7078","bad"
"7079","bad"
"7080","bad"
"7081","bad"
"7082","bad"
"7083","bad"
"7084","bad"
"7085","bad"
"7086","bad"
"7087","bad"
"7088","bad"
"7089","bad"
"7090","bad"
"7091","bad"
"7092","bad"
"7093","bad"
"7094","bad"
"7095","bad"
"7096","bad"
"7097","bad"
"7098","bad"
"7099","bad"
"7100","bad"
"7101","bad"
"7102","bad"
"7103","bad"
"7104","bad"
"7105","bad"
"7106","bad"
"7107","bad"
"7108","bad"
"7109","bad"
"7110","bad"
"7111","bad"
"7112","bad"
"7113","bad"
"7114","bad"
"7115","bad"
"7116","bad"
"7117","bad"
"7118","bad"
"7119","bad"
"7120","bad"
"7121","bad"
"7122","bad"
"7123","bad"
"7124","bad"
"7125","bad"
"7126","bad"
"7127","bad"
"7128","bad"
"7129","bad"
"7130","bad"
"7131","bad"
"7132","bad"
"7133","bad"
"7134","bad"
"7135","bad"
"7136","bad"
"7137","bad"
"7138","bad"
"7139","bad"
"7140","bad"
"7141","bad"
"7142","bad"
"7143","bad"
"7144","bad"
"7145","bad"
"7146","bad"
"7147","bad"
"7148","bad"
"7149","bad"
"7150","bad"
"7151","bad"
"7152","bad"
"7153","bad"
"7154","bad"
"7155","bad"
"7156","bad"
"7157","bad"
"7158","bad"
"7159","bad"
"7160","bad"
"7161","bad"
"7162","bad"
"7163","bad"
"7164","bad"
"7165","bad"
"7166","bad"
"7167","bad"
"7168","bad"
"7169","bad"
"7170","bad"
"7171","bad"
"7172","bad"
"7173","bad"
"7174","bad"
"7175","bad"
"7176","bad"
"7177","bad"
"7178","bad"
"7179","bad"
"7180","bad"
"7181","bad"
"7182","bad"
"7183","bad"
"7184","bad"
"7185","bad"
"7186","bad"
"7187","bad"
"7188","bad"
"7189","bad"
"7190","bad"
"7191","bad"
"7192","bad"
"7193","bad"
"7194","bad"
"7195","bad"
"7196","bad"
"7197","bad"
"7198","bad"
"7199","bad"
"7200","bad"
"7201","bad"
"7202","bad"
"7203","bad"
"7204","bad"
"7205","bad"
"7206","bad"
"7207","bad"
"7208","bad"
"7209","bad"
"7210","bad"
"7211","bad"
"7212","bad"
"7213","bad"
"7214","bad"
"7215","bad"
"7216","bad"
"7217","bad"
"7218","bad"
"7219","bad"
"7220","bad"
"7221","bad"
"7222","bad"
"7223","bad"
"7224","bad"
"7225","bad"
"7226","bad"
"7227","bad"
"7228","bad"
"7229","bad"
"7230","bad"
"7231","bad"
"7232","bad"
"7233","bad"
"7234","bad"
"7235","bad"
"7236","bad"
"7237","bad"
"7238","bad"
"7239","bad"
"7240","bad"
"7241","bad"
"7242","bad"
"7243","bad"
"7244","bad"
"7245","bad"
"7246","bad"
"7247","bad"
"7248","bad"
"7249","bad"
"7250","bad"
"7251","bad"
"7252","bad"
"7253","bad"
"7254","bad"
"7255","bad"
"7256","bad"
"7257","bad"
"7258","bad"
"7259","bad"
"7260","bad"
"7261","bad"
"7262","bad"
"7263","bad"
"7264","bad"
"7265","bad"
"7266","bad"
"7267","bad"
"7268","bad"
"7269","bad"
"7270","bad"
"7271","bad"
"7272","bad"
"7273","bad"
"7274","bad"
"7275","bad"
"7276","bad"
"7277","bad"
"7278","bad"
"7279","bad"
"7280","bad"
"7281","bad"
"7282","bad"
"7283","bad"
"7284","bad"
"7285","bad"
"7286","bad"
"7287","bad"
"7288","bad"
"7289","bad"
"7290","bad"
"7291","bad"
"7292","bad"
"7293","bad"
"7294","bad"
"7295","bad"
"7296","bad"
"7297","bad"
"7298","bad"
"7299","bad"
"7300","bad"
"7301","bad"
"7302","bad"
"7303","bad"
"7304","bad"
"7305","bad"
"7306","bad"
"7307","bad"
"7308","bad"
"7309","bad"
"7310","bad"
"7311","bad"
"7312","bad"
"7313","bad"
"7314","bad"
"7315","bad"
"7316","bad"
"7317","bad"
"7318","bad"
"7319","bad"
"7320","bad"
"7321","bad"
"7322","bad"
"7323","bad"
"7324","bad"
"7325","bad"
"7326","bad"
"7327","bad"
"7328","bad"
"7329","bad"
"7330","bad"
"7331","bad"
"7332","bad"
"7333","bad"
"7334","bad"
"7335","bad"
"7336","bad"
"7337","bad"
"7338","bad"
"7339","bad"
"7340","bad"
"7341","bad"
"7342","bad"
"7343","bad"
"7344","bad"
"7345","bad"
"7346","bad"
"7347","bad"
"7348","bad"
"7349","bad"
"7350","bad"
"7351","bad"
"7352","bad"
"7353","bad"
"7354","bad"
"7355","bad"
"7356","bad"
"7357","bad"
"7358","bad"
"7359","bad"
"7360","bad"
"7361","bad"
"7362","bad"
"7363","bad"
"7364","bad"
"7365","bad"
"7366","bad"
"7367","bad"
"7368","bad"
"7369","bad"
"7370","bad"
"7371","bad"
"7372","bad"
"7373","bad"
"7374","bad"
"7375","bad"
"7376","bad"
"7377","bad"
"7378","bad"
"7379","bad"
"7380","bad"
"7381","bad"
"7382","bad"
"7383","bad"
"7384","bad"
"7385","bad"
"7386","bad"
"7387","bad"
"7388","bad"
"7389","bad"
"7390","bad"
"7391","bad"
"7392","bad"
"7393","bad"
"7394","bad"
"7395","bad"
"7396","bad"
"7397","bad"
"7398","bad"
"7399","bad"
"7400","bad"
"7401","bad"
"7402","bad"
"7403","bad"
"7404","bad"
"7405","bad"
"7406","bad"
"7407","bad"
"7408","bad"
"7409","bad"
"7410","bad"
"7411","bad"
"7412","bad"
"7413","bad"
"7414","bad"
"7415","bad"
"7416","bad"
"7417","bad"
"7418","bad"
"7419","bad"
"7420","bad"
"7421","bad"
"7422","bad"
"7423","bad"
"7424","bad"
"7425","bad"
"7426","bad"
"7427","bad"
"7428","bad"
"7429","bad"
"7430","bad"
"7431","bad"
"7432","bad"
"7433","bad"
"7434","bad"
"7435","bad"
"7436","bad"
"7437","bad"
"7438","bad"
"7439","bad"
"7440","bad"
"7441","bad"
"7442","bad"
"7443","bad"
"7444","bad"
"7445","bad"
"7446","bad"
"7447","bad"
"7448","bad"
"7449","bad"
"7450","bad"
"7451","bad"
"7452","bad"
"7453","bad"
"7454","bad"
"7455","bad"
"7456","bad"
"7457","bad"
"7458","bad"
"7459","bad"
"7460","bad"
"7461","bad"
"7462","bad"
"7463","bad"
"7464","bad"
"7465","bad"
"7466","bad"
"7467","bad"
"7468","bad"
"7469","bad"
"7470","bad"
"7471","bad"
"7472","bad"
"7473","bad"
"7474","bad"
"7475","bad"
"7476","bad"
"7477","bad"
"7478","bad"
"7479","bad"
"7480","bad"
"7481","bad"
"7482","bad"
"7483","bad"
"7484","bad"
"7485","bad"
"7486","bad"
"7487","bad"
"7488","bad"
"7489","bad"
"7490","bad"
"7491","bad"
"7492","bad"
"7493","bad"
"7494","bad"
"7495","bad"
"7496","bad"
"7497","bad"
"7498","bad"
"7499","bad"
"7500","bad"
"7501","bad"
"7502","bad"
"7503","bad"
"7504","bad"
"7505","bad"
"7506","bad"
"7507","bad"
"7508","bad"
"7509","bad"
"7510","bad"
"7511","bad"
"7512","bad"
"7513","bad"
"7514","bad"
"7515","bad"
"7516","bad"
"7517","bad"
"7518","bad"
"7519","bad"
"7520","bad"
"7521","bad"
"7522","bad"
"7523","bad"
"7524","bad"
"7525","bad"
"7526","bad"
"7527","bad"
"7528","bad"
"7529","bad"
"7530","bad"
"7531","bad"
"7532","bad"
"7533","bad"
"7534","bad"
"7535","bad"
"7536","bad"
"7537","bad"
"7538","bad"
"7539","bad"
"7540","bad"
"7541","bad"
"7542","bad"
"7543","bad"
"7544","bad"
"7545","bad"
"7546","bad"
"7547","bad"
"7548","bad"
"7549","bad"
"7550","bad"
"7551","bad"
"7552","bad"
"7553","bad"
"7554","bad"
"7555","bad"
"7556","bad"
"7557","bad"
"7558","bad"
"7559","bad"
"7560","bad"
"7561","bad"
"7562","bad"
"7563","bad"
"7564","bad"
"7565","bad"
"7566","bad"
"7567","bad"
"7568","bad"
"7569","bad"
"7570","bad"
"7571","bad"
"7572","bad"
"7573","bad"
"7574","bad"
"7575","bad"
"7576","bad"
"7577","bad"
"7578","bad"
"7579","bad"
"7580","bad"
"7581","bad"
"7582","bad"
"7583","bad"
"7584","bad"
"7585","bad"
"7586","bad"
"7587","bad"
"7588","bad"
"7589","bad"
"7590","bad"
"7591","bad"
"7592","bad"
"7593","bad"
"7594","bad"
"7595","bad"
"7596","bad"
"7597","bad"
"7598","bad"
"7599","bad"
"7600","bad"
"7601","bad"
"7602","bad"
"7603","bad"
"7604","bad"
"7605","bad"
"7606","bad"
"7607","bad"
"7608","bad"
"7609","bad"
"7610","bad"
"7611","bad"
"7612","bad"
"7613","bad"
"7614","bad"
"7615","bad"
"7616","bad"
"7617","bad"
"7618","bad"
"7619","bad"
"7620","bad"
"7621","bad"
"7622","bad"
"7623","bad"
"7624","bad"
"7625","bad"
"7626","bad"
"7627","bad"
"7628","bad"
"7629","bad"
"7630","bad"
"7631","bad"
"7632","bad"
"7633","bad"
"7634","bad"
"7635","bad"
"7636","bad"
"7637","bad"
"7638","bad"
"7639","bad"
"7640","bad"
"7641","bad"
"7642","bad"
"7643","bad"
"7644","bad"
"7645","bad"
"7646","bad"
"7647","bad"
"7648","bad"
"7649","bad"
"7650","bad"
"7651","bad"
"7652","bad"
"7653","bad"
"7654","bad"
"7655","bad"
"7656","bad"
"7657","bad"
"7658","bad"
"7659","bad"
"7660","bad"
"7661","bad"
"7662","bad"
"7663","bad"
"7664","bad"
"7665","bad"
